flags,hardwareChannel,duration,dataPointerLow,dataPointerHigh,transpose,vibrato,envelope,volume,unknown1,noteDurationLow,noteDurationHigh,currentPlayDurationLow,currentPlayDurationHigh,envelopeCounter,vibratoCounter,noteFrequencyLow,noteFrequencyHigh,frequencyToWriteLow,frequencyToWriteHigh,noteFrequency2Low,noteFrequency2High,volumeToWrite,repetitionCouters
0x00,0x00,0x00,0x00,0x00,0x00,0x00,0x00,0x00,0x00,0x00,0x00,0x00,0x00,0x00,0x00,0x00,0x00,0x00,0x00,0x00,0x00,0x00,0x00,0x00,0x00,0x00,0x00,0x00,0x00,0x00,0x00,
0x00,0x00,0x00,0x00,0x00,0x00,0x00,0x00,0x00,0x00,0x00,0x00,0x00,0x00,0x00,0x00,0x00,0x00,0x00,0x00,0x00,0x00,0x00,0x00,0x00,0x00,0x00,0x00,0x00,0x00,0x00,0x00,
0x00,0x00,0x00,0x00,0x00,0x00,0x00,0x00,0x00,0x00,0x00,0x00,0x00,0x00,0x00,0x00,0x00,0x00,0x00,0x00,0x00,0x00,0x00,0x00,0x00,0x00,0x00,0x00,0x00,0x00,0x00,0x00,
0x00,0x00,0x00,0x00,0x00,0x00,0x00,0x00,0x00,0x00,0x00,0x00,0x00,0x00,0x00,0x00,0x00,0x00,0x00,0x00,0x00,0x00,0x00,0x00,0x00,0x00,0x00,0x00,0x00,0x00,0x00,0x00,
---------------
0x00,0x00,0x00,0x00,0x00,0x00,0x00,0x00,0x00,0x00,0x00,0x00,0x00,0x00,0x00,0x00,0x00,0x00,0x00,0x00,0x00,0x00,0x00,0x00,0x00,0x00,0x00,0x00,0x00,0x00,0x00,0x00,
0x00,0x00,0x00,0x00,0x00,0x00,0x00,0x00,0x00,0x00,0x00,0x00,0x00,0x00,0x00,0x00,0x00,0x00,0x00,0x00,0x00,0x00,0x00,0x00,0x00,0x00,0x00,0x00,0x00,0x00,0x00,0x00,
0x00,0x00,0x00,0x00,0x00,0x00,0x00,0x00,0x00,0x00,0x00,0x00,0x00,0x00,0x00,0x00,0x00,0x00,0x00,0x00,0x00,0x00,0x00,0x00,0x00,0x00,0x00,0x00,0x00,0x00,0x00,0x00,
0x00,0x00,0x00,0x00,0x00,0x00,0x00,0x00,0x00,0x00,0x00,0x00,0x00,0x00,0x00,0x00,0x00,0x00,0x00,0x00,0x00,0x00,0x00,0x00,0x00,0x00,0x00,0x00,0x00,0x00,0x00,0x00,
---------------
0x00,0x00,0x00,0x00,0x00,0x00,0x00,0x00,0x00,0x00,0x00,0x00,0x00,0x00,0x00,0x00,0x00,0x00,0x00,0x00,0x00,0x00,0x00,0x00,0x00,0x00,0x00,0x00,0x00,0x00,0x00,0x00,
0x00,0x00,0x00,0x00,0x00,0x00,0x00,0x00,0x00,0x00,0x00,0x00,0x00,0x00,0x00,0x00,0x00,0x00,0x00,0x00,0x00,0x00,0x00,0x00,0x00,0x00,0x00,0x00,0x00,0x00,0x00,0x00,
0x00,0x00,0x00,0x00,0x00,0x00,0x00,0x00,0x00,0x00,0x00,0x00,0x00,0x00,0x00,0x00,0x00,0x00,0x00,0x00,0x00,0x00,0x00,0x00,0x00,0x00,0x00,0x00,0x00,0x00,0x00,0x00,
0x00,0x00,0x00,0x00,0x00,0x00,0x00,0x00,0x00,0x00,0x00,0x00,0x00,0x00,0x00,0x00,0x00,0x00,0x00,0x00,0x00,0x00,0x00,0x00,0x00,0x00,0x00,0x00,0x00,0x00,0x00,0x00,
---------------
0x00,0x00,0x00,0x00,0x00,0x00,0x00,0x00,0x00,0x00,0x00,0x00,0x00,0x00,0x00,0x00,0x00,0x00,0x00,0x00,0x00,0x00,0x00,0x00,0x00,0x00,0x00,0x00,0x00,0x00,0x00,0x00,
0x00,0x00,0x00,0x00,0x00,0x00,0x00,0x00,0x00,0x00,0x00,0x00,0x00,0x00,0x00,0x00,0x00,0x00,0x00,0x00,0x00,0x00,0x00,0x00,0x00,0x00,0x00,0x00,0x00,0x00,0x00,0x00,
0x00,0x00,0x00,0x00,0x00,0x00,0x00,0x00,0x00,0x00,0x00,0x00,0x00,0x00,0x00,0x00,0x00,0x00,0x00,0x00,0x00,0x00,0x00,0x00,0x00,0x00,0x00,0x00,0x00,0x00,0x00,0x00,
0x00,0x00,0x00,0x00,0x00,0x00,0x00,0x00,0x00,0x00,0x00,0x00,0x00,0x00,0x00,0x00,0x00,0x00,0x00,0x00,0x00,0x00,0x00,0x00,0x00,0x00,0x00,0x00,0x00,0x00,0x00,0x00,
---------------
0x80,0x80,0x04,0xf4,0x9e,0xec,0x01,0x04,0x0b,0x20,0x08,0x00,0x00,0x00,0x01,0x01,0x6a,0x01,0x6b,0x01,0x00,0x00,0x08,0x00,0x00,0x00,0x00,0x00,0x00,0x00,0x00,0x00,
0x80,0xa0,0x04,0x1a,0x9f,0xf8,0x01,0x03,0x0a,0x20,0x10,0x00,0x00,0x00,0x01,0x01,0xd4,0x02,0xd5,0x02,0x00,0x00,0x07,0x00,0x00,0x00,0x00,0x00,0x00,0x00,0x00,0x00,
0x80,0xc0,0x04,0x43,0x9f,0xec,0x01,0x04,0x0b,0x20,0x08,0x00,0x00,0x00,0x01,0x01,0xe3,0x01,0xe4,0x01,0x00,0x00,0x08,0x00,0x00,0x00,0x00,0x00,0x00,0x00,0x00,0x00,
0xc0,0xe0,0x04,0x97,0xa2,0x00,0x00,0x01,0x09,0x1e,0x10,0x00,0x00,0x00,0x01,0x00,0x00,0x02,0x00,0x02,0x00,0x00,0x06,0x00,0x00,0x00,0x00,0x00,0x00,0x00,0x6b,0x9f,
---------------
0x80,0x80,0x04,0xf4,0x9e,0xec,0x01,0x04,0x0b,0x20,0x08,0x00,0x01,0x00,0x02,0x02,0x6a,0x01,0x6b,0x01,0x00,0x00,0x04,0x00,0x00,0x00,0x00,0x00,0x00,0x00,0x00,0x00,
0x80,0xa0,0x04,0x1a,0x9f,0xf8,0x01,0x03,0x0a,0x20,0x10,0x00,0x01,0x00,0x02,0x02,0xd4,0x02,0xd5,0x02,0x00,0x00,0x05,0x00,0x00,0x00,0x00,0x00,0x00,0x00,0x00,0x00,
0x80,0xc0,0x04,0x43,0x9f,0xec,0x01,0x04,0x0b,0x20,0x08,0x00,0x01,0x00,0x02,0x02,0xe3,0x01,0xe4,0x01,0x00,0x00,0x04,0x00,0x00,0x00,0x00,0x00,0x00,0x00,0x00,0x00,
0xc0,0xe0,0x04,0x97,0xa2,0x00,0x00,0x01,0x09,0x1e,0x10,0x00,0x01,0x00,0x02,0x00,0x00,0x02,0x00,0x02,0x00,0x00,0x06,0x00,0x00,0x00,0x00,0x00,0x00,0x00,0x6b,0x9f,
---------------
0x80,0x80,0x04,0xf4,0x9e,0xec,0x01,0x04,0x0b,0x20,0x08,0x00,0x02,0x00,0x03,0x03,0x6a,0x01,0x6b,0x01,0x00,0x00,0x04,0x00,0x00,0x00,0x00,0x00,0x00,0x00,0x00,0x00,
0x80,0xa0,0x04,0x1a,0x9f,0xf8,0x01,0x03,0x0a,0x20,0x10,0x00,0x02,0x00,0x03,0x03,0xd4,0x02,0xd5,0x02,0x00,0x00,0x05,0x00,0x00,0x00,0x00,0x00,0x00,0x00,0x00,0x00,
0x80,0xc0,0x04,0x43,0x9f,0xec,0x01,0x04,0x0b,0x20,0x08,0x00,0x02,0x00,0x03,0x03,0xe3,0x01,0xe4,0x01,0x00,0x00,0x04,0x00,0x00,0x00,0x00,0x00,0x00,0x00,0x00,0x00,
0xc0,0xe0,0x04,0x97,0xa2,0x00,0x00,0x01,0x09,0x1e,0x10,0x00,0x02,0x00,0x02,0x00,0x00,0x02,0x00,0x02,0x00,0x00,0x0f,0x00,0x00,0x00,0x00,0x00,0x00,0x00,0x6b,0x9f,
---------------
0x80,0x80,0x04,0xf4,0x9e,0xec,0x01,0x04,0x0b,0x20,0x08,0x00,0x03,0x00,0x04,0x04,0x6a,0x01,0x6b,0x01,0x00,0x00,0x04,0x00,0x00,0x00,0x00,0x00,0x00,0x00,0x00,0x00,
0x80,0xa0,0x04,0x1a,0x9f,0xf8,0x01,0x03,0x0a,0x20,0x10,0x00,0x03,0x00,0x04,0x04,0xd4,0x02,0xd5,0x02,0x00,0x00,0x05,0x00,0x00,0x00,0x00,0x00,0x00,0x00,0x00,0x00,
0x80,0xc0,0x04,0x43,0x9f,0xec,0x01,0x04,0x0b,0x20,0x08,0x00,0x03,0x00,0x04,0x04,0xe3,0x01,0xe4,0x01,0x00,0x00,0x04,0x00,0x00,0x00,0x00,0x00,0x00,0x00,0x00,0x00,
0xc0,0xe0,0x04,0x97,0xa2,0x00,0x00,0x01,0x09,0x1e,0x10,0x00,0x03,0x00,0x02,0x00,0x00,0x02,0x00,0x02,0x00,0x00,0x0f,0x00,0x00,0x00,0x00,0x00,0x00,0x00,0x6b,0x9f,
---------------
0x80,0x80,0x04,0xf4,0x9e,0xec,0x01,0x04,0x0b,0x20,0x08,0x00,0x04,0x00,0x05,0x05,0x6a,0x01,0x6b,0x01,0x00,0x00,0x04,0x00,0x00,0x00,0x00,0x00,0x00,0x00,0x00,0x00,
0x80,0xa0,0x04,0x1a,0x9f,0xf8,0x01,0x03,0x0a,0x20,0x10,0x00,0x04,0x00,0x05,0x05,0xd4,0x02,0xd5,0x02,0x00,0x00,0x05,0x00,0x00,0x00,0x00,0x00,0x00,0x00,0x00,0x00,
0x80,0xc0,0x04,0x43,0x9f,0xec,0x01,0x04,0x0b,0x20,0x08,0x00,0x04,0x00,0x05,0x05,0xe3,0x01,0xe4,0x01,0x00,0x00,0x04,0x00,0x00,0x00,0x00,0x00,0x00,0x00,0x00,0x00,
0xc0,0xe0,0x04,0x97,0xa2,0x00,0x00,0x01,0x09,0x1e,0x10,0x00,0x04,0x00,0x02,0x00,0x00,0x02,0x00,0x02,0x00,0x00,0x0f,0x00,0x00,0x00,0x00,0x00,0x00,0x00,0x6b,0x9f,
---------------
0x80,0x80,0x04,0xf4,0x9e,0xec,0x01,0x04,0x0b,0x20,0x08,0x00,0x05,0x00,0x06,0x06,0x6a,0x01,0x6b,0x01,0x00,0x00,0x06,0x00,0x00,0x00,0x00,0x00,0x00,0x00,0x00,0x00,
0x80,0xa0,0x04,0x1a,0x9f,0xf8,0x01,0x03,0x0a,0x20,0x10,0x00,0x05,0x00,0x06,0x06,0xd4,0x02,0xd5,0x02,0x00,0x00,0x05,0x00,0x00,0x00,0x00,0x00,0x00,0x00,0x00,0x00,
0x80,0xc0,0x04,0x43,0x9f,0xec,0x01,0x04,0x0b,0x20,0x08,0x00,0x05,0x00,0x06,0x06,0xe3,0x01,0xe4,0x01,0x00,0x00,0x06,0x00,0x00,0x00,0x00,0x00,0x00,0x00,0x00,0x00,
0xc0,0xe0,0x04,0x97,0xa2,0x00,0x00,0x01,0x09,0x1e,0x10,0x00,0x05,0x00,0x02,0x00,0x00,0x02,0x00,0x02,0x00,0x00,0x0f,0x00,0x00,0x00,0x00,0x00,0x00,0x00,0x6b,0x9f,
---------------
0x80,0x80,0x04,0xf4,0x9e,0xec,0x01,0x04,0x0b,0x20,0x08,0x00,0x06,0x00,0x07,0x07,0x6a,0x01,0x6b,0x01,0x00,0x00,0x07,0x00,0x00,0x00,0x00,0x00,0x00,0x00,0x00,0x00,
0x80,0xa0,0x04,0x1a,0x9f,0xf8,0x01,0x03,0x0a,0x20,0x10,0x00,0x06,0x00,0x07,0x07,0xd4,0x02,0xd5,0x02,0x00,0x00,0x05,0x00,0x00,0x00,0x00,0x00,0x00,0x00,0x00,0x00,
0x80,0xc0,0x04,0x43,0x9f,0xec,0x01,0x04,0x0b,0x20,0x08,0x00,0x06,0x00,0x07,0x07,0xe3,0x01,0xe4,0x01,0x00,0x00,0x07,0x00,0x00,0x00,0x00,0x00,0x00,0x00,0x00,0x00,
0xc0,0xe0,0x04,0x97,0xa2,0x00,0x00,0x01,0x09,0x1e,0x10,0x00,0x06,0x00,0x02,0x00,0x00,0x02,0x00,0x02,0x00,0x00,0x0f,0x00,0x00,0x00,0x00,0x00,0x00,0x00,0x6b,0x9f,
---------------
0x80,0x80,0x04,0xf4,0x9e,0xec,0x01,0x04,0x0b,0x20,0x08,0x00,0x07,0x00,0x08,0x08,0x6a,0x01,0x6b,0x01,0x00,0x00,0x07,0x00,0x00,0x00,0x00,0x00,0x00,0x00,0x00,0x00,
0x80,0xa0,0x04,0x1a,0x9f,0xf8,0x01,0x03,0x0a,0x20,0x10,0x00,0x07,0x00,0x08,0x08,0xd4,0x02,0xd5,0x02,0x00,0x00,0x0d,0x00,0x00,0x00,0x00,0x00,0x00,0x00,0x00,0x00,
0x80,0xc0,0x04,0x43,0x9f,0xec,0x01,0x04,0x0b,0x20,0x08,0x00,0x07,0x00,0x08,0x08,0xe3,0x01,0xe4,0x01,0x00,0x00,0x07,0x00,0x00,0x00,0x00,0x00,0x00,0x00,0x00,0x00,
0xc0,0xe0,0x04,0x97,0xa2,0x00,0x00,0x01,0x09,0x1e,0x10,0x00,0x07,0x00,0x02,0x00,0x00,0x02,0x00,0x02,0x00,0x00,0x0f,0x00,0x00,0x00,0x00,0x00,0x00,0x00,0x6b,0x9f,
---------------
0x80,0x80,0x04,0xf5,0x9e,0xec,0x01,0x04,0x0b,0x20,0x10,0x00,0x00,0x00,0x01,0x01,0x6a,0x01,0x6b,0x01,0x00,0x00,0x08,0x00,0x00,0x00,0x00,0x00,0x00,0x00,0x00,0x00,
0x80,0xa0,0x04,0x1a,0x9f,0xf8,0x01,0x03,0x0a,0x20,0x10,0x00,0x08,0x00,0x08,0x09,0xd4,0x02,0xd5,0x02,0x00,0x00,0x0f,0x00,0x00,0x00,0x00,0x00,0x00,0x00,0x00,0x00,
0x80,0xc0,0x04,0x44,0x9f,0xec,0x01,0x04,0x0b,0x20,0x10,0x00,0x00,0x00,0x01,0x01,0xe3,0x01,0xe4,0x01,0x00,0x00,0x08,0x00,0x00,0x00,0x00,0x00,0x00,0x00,0x00,0x00,
0xc0,0xe0,0x04,0x97,0xa2,0x00,0x00,0x01,0x09,0x1e,0x10,0x00,0x08,0x00,0x02,0x00,0x00,0x02,0x00,0x02,0x00,0x00,0x0f,0x00,0x00,0x00,0x00,0x00,0x00,0x00,0x6b,0x9f,
---------------
0x80,0x80,0x04,0xf5,0x9e,0xec,0x01,0x04,0x0b,0x20,0x10,0x00,0x01,0x00,0x02,0x02,0x6a,0x01,0x6b,0x01,0x00,0x00,0x04,0x00,0x00,0x00,0x00,0x00,0x00,0x00,0x00,0x00,
0x80,0xa0,0x04,0x1a,0x9f,0xf8,0x01,0x03,0x0a,0x20,0x10,0x00,0x09,0x00,0x08,0x0a,0xd4,0x02,0xd5,0x02,0x00,0x00,0x0f,0x00,0x00,0x00,0x00,0x00,0x00,0x00,0x00,0x00,
0x80,0xc0,0x04,0x44,0x9f,0xec,0x01,0x04,0x0b,0x20,0x10,0x00,0x01,0x00,0x02,0x02,0xe3,0x01,0xe4,0x01,0x00,0x00,0x04,0x00,0x00,0x00,0x00,0x00,0x00,0x00,0x00,0x00,
0xc0,0xe0,0x04,0x97,0xa2,0x00,0x00,0x01,0x09,0x1e,0x10,0x00,0x09,0x00,0x02,0x00,0x00,0x02,0x00,0x02,0x00,0x00,0x0f,0x00,0x00,0x00,0x00,0x00,0x00,0x00,0x6b,0x9f,
---------------
0x80,0x80,0x04,0xf5,0x9e,0xec,0x01,0x04,0x0b,0x20,0x10,0x00,0x02,0x00,0x03,0x03,0x6a,0x01,0x6b,0x01,0x00,0x00,0x04,0x00,0x00,0x00,0x00,0x00,0x00,0x00,0x00,0x00,
0x80,0xa0,0x04,0x1a,0x9f,0xf8,0x01,0x03,0x0a,0x20,0x10,0x00,0x0a,0x00,0x08,0x0b,0xd4,0x02,0xd4,0x02,0x00,0x00,0x0f,0x00,0x00,0x00,0x00,0x00,0x00,0x00,0x00,0x00,
0x80,0xc0,0x04,0x44,0x9f,0xec,0x01,0x04,0x0b,0x20,0x10,0x00,0x02,0x00,0x03,0x03,0xe3,0x01,0xe4,0x01,0x00,0x00,0x04,0x00,0x00,0x00,0x00,0x00,0x00,0x00,0x00,0x00,
0xc0,0xe0,0x04,0x97,0xa2,0x00,0x00,0x01,0x09,0x1e,0x10,0x00,0x0a,0x00,0x02,0x00,0x00,0x02,0x00,0x02,0x00,0x00,0x0f,0x00,0x00,0x00,0x00,0x00,0x00,0x00,0x6b,0x9f,
---------------
0x80,0x80,0x04,0xf5,0x9e,0xec,0x01,0x04,0x0b,0x20,0x10,0x00,0x03,0x00,0x04,0x04,0x6a,0x01,0x6b,0x01,0x00,0x00,0x04,0x00,0x00,0x00,0x00,0x00,0x00,0x00,0x00,0x00,
0x80,0xa0,0x04,0x1a,0x9f,0xf8,0x01,0x03,0x0a,0x20,0x10,0x00,0x0b,0x00,0x08,0x0c,0xd4,0x02,0xd4,0x02,0x00,0x00,0x0f,0x00,0x00,0x00,0x00,0x00,0x00,0x00,0x00,0x00,
0x80,0xc0,0x04,0x44,0x9f,0xec,0x01,0x04,0x0b,0x20,0x10,0x00,0x03,0x00,0x04,0x04,0xe3,0x01,0xe4,0x01,0x00,0x00,0x04,0x00,0x00,0x00,0x00,0x00,0x00,0x00,0x00,0x00,
0xc0,0xe0,0x04,0x97,0xa2,0x00,0x00,0x01,0x09,0x1e,0x10,0x00,0x0b,0x00,0x02,0x00,0x00,0x02,0x00,0x02,0x00,0x00,0x0f,0x00,0x00,0x00,0x00,0x00,0x00,0x00,0x6b,0x9f,
---------------
0x80,0x80,0x04,0xf5,0x9e,0xec,0x01,0x04,0x0b,0x20,0x10,0x00,0x04,0x00,0x05,0x05,0x6a,0x01,0x6b,0x01,0x00,0x00,0x04,0x00,0x00,0x00,0x00,0x00,0x00,0x00,0x00,0x00,
0x80,0xa0,0x04,0x1a,0x9f,0xf8,0x01,0x03,0x0a,0x20,0x10,0x00,0x0c,0x00,0x08,0x0d,0xd4,0x02,0xd5,0x02,0x00,0x00,0x0f,0x00,0x00,0x00,0x00,0x00,0x00,0x00,0x00,0x00,
0x80,0xc0,0x04,0x44,0x9f,0xec,0x01,0x04,0x0b,0x20,0x10,0x00,0x04,0x00,0x05,0x05,0xe3,0x01,0xe4,0x01,0x00,0x00,0x04,0x00,0x00,0x00,0x00,0x00,0x00,0x00,0x00,0x00,
0xc0,0xe0,0x04,0x97,0xa2,0x00,0x00,0x01,0x09,0x1e,0x10,0x00,0x0c,0x00,0x02,0x00,0x00,0x02,0x00,0x02,0x00,0x00,0x0f,0x00,0x00,0x00,0x00,0x00,0x00,0x00,0x6b,0x9f,
---------------
0x80,0x80,0x04,0xf5,0x9e,0xec,0x01,0x04,0x0b,0x20,0x10,0x00,0x05,0x00,0x06,0x06,0x6a,0x01,0x6b,0x01,0x00,0x00,0x06,0x00,0x00,0x00,0x00,0x00,0x00,0x00,0x00,0x00,
0x80,0xa0,0x04,0x1a,0x9f,0xf8,0x01,0x03,0x0a,0x20,0x10,0x00,0x0d,0x00,0x08,0x0e,0xd4,0x02,0xd5,0x02,0x00,0x00,0x0f,0x00,0x00,0x00,0x00,0x00,0x00,0x00,0x00,0x00,
0x80,0xc0,0x04,0x44,0x9f,0xec,0x01,0x04,0x0b,0x20,0x10,0x00,0x05,0x00,0x06,0x06,0xe3,0x01,0xe4,0x01,0x00,0x00,0x06,0x00,0x00,0x00,0x00,0x00,0x00,0x00,0x00,0x00,
0xc0,0xe0,0x04,0x97,0xa2,0x00,0x00,0x01,0x09,0x1e,0x10,0x00,0x0d,0x00,0x02,0x00,0x00,0x02,0x00,0x02,0x00,0x00,0x0f,0x00,0x00,0x00,0x00,0x00,0x00,0x00,0x6b,0x9f,
---------------
0x80,0x80,0x04,0xf5,0x9e,0xec,0x01,0x04,0x0b,0x20,0x10,0x00,0x06,0x00,0x07,0x07,0x6a,0x01,0x6b,0x01,0x00,0x00,0x07,0x00,0x00,0x00,0x00,0x00,0x00,0x00,0x00,0x00,
0x80,0xa0,0x04,0x1a,0x9f,0xf8,0x01,0x03,0x0a,0x20,0x10,0x00,0x0e,0x00,0x08,0x0f,0xd4,0x02,0xd6,0x02,0x00,0x00,0x0f,0x00,0x00,0x00,0x00,0x00,0x00,0x00,0x00,0x00,
0x80,0xc0,0x04,0x44,0x9f,0xec,0x01,0x04,0x0b,0x20,0x10,0x00,0x06,0x00,0x07,0x07,0xe3,0x01,0xe4,0x01,0x00,0x00,0x07,0x00,0x00,0x00,0x00,0x00,0x00,0x00,0x00,0x00,
0xc0,0xe0,0x04,0x97,0xa2,0x00,0x00,0x01,0x09,0x1e,0x10,0x00,0x0e,0x00,0x02,0x00,0x00,0x02,0x00,0x02,0x00,0x00,0x0f,0x00,0x00,0x00,0x00,0x00,0x00,0x00,0x6b,0x9f,
---------------
0x80,0x80,0x04,0xf5,0x9e,0xec,0x01,0x04,0x0b,0x20,0x10,0x00,0x07,0x00,0x08,0x08,0x6a,0x01,0x6b,0x01,0x00,0x00,0x07,0x00,0x00,0x00,0x00,0x00,0x00,0x00,0x00,0x00,
0x80,0xa0,0x04,0x1a,0x9f,0xf8,0x01,0x03,0x0a,0x20,0x10,0x00,0x0f,0x00,0x08,0x10,0xd4,0x02,0xd6,0x02,0x00,0x00,0x0f,0x00,0x00,0x00,0x00,0x00,0x00,0x00,0x00,0x00,
0x80,0xc0,0x04,0x44,0x9f,0xec,0x01,0x04,0x0b,0x20,0x10,0x00,0x07,0x00,0x08,0x08,0xe3,0x01,0xe4,0x01,0x00,0x00,0x07,0x00,0x00,0x00,0x00,0x00,0x00,0x00,0x00,0x00,
0xc0,0xe0,0x04,0x97,0xa2,0x00,0x00,0x01,0x09,0x1e,0x10,0x00,0x0f,0x00,0x02,0x00,0x00,0x02,0x00,0x02,0x00,0x00,0x0f,0x00,0x00,0x00,0x00,0x00,0x00,0x00,0x6b,0x9f,
---------------
0x80,0x80,0x04,0xf5,0x9e,0xec,0x01,0x04,0x0b,0x20,0x10,0x00,0x08,0x00,0x09,0x09,0x6a,0x01,0x6b,0x01,0x00,0x00,0x08,0x00,0x00,0x00,0x00,0x00,0x00,0x00,0x00,0x00,
0x80,0xa0,0x04,0x1c,0x9f,0xf8,0x01,0x03,0x0a,0x20,0x08,0x00,0x00,0x00,0x00,0x00,0x00,0x00,0xd6,0x02,0x00,0x00,0x0f,0x00,0x00,0x00,0x00,0x00,0x00,0x00,0x00,0x00,
0x80,0xc0,0x04,0x44,0x9f,0xec,0x01,0x04,0x0b,0x20,0x10,0x00,0x08,0x00,0x09,0x09,0xe3,0x01,0xe4,0x01,0x00,0x00,0x08,0x00,0x00,0x00,0x00,0x00,0x00,0x00,0x00,0x00,
0xc0,0xe0,0x04,0x9c,0xa2,0x00,0x00,0x02,0x0b,0x1e,0x10,0x00,0x00,0x00,0x01,0x00,0x00,0x02,0x00,0x02,0x00,0x00,0x04,0x00,0x00,0x00,0x00,0x00,0x00,0x00,0x6b,0x9f,
---------------
0x80,0x80,0x04,0xf5,0x9e,0xec,0x01,0x04,0x0b,0x20,0x10,0x00,0x09,0x00,0x0a,0x0a,0x6a,0x01,0x6b,0x01,0x00,0x00,0x08,0x00,0x00,0x00,0x00,0x00,0x00,0x00,0x00,0x00,
0x80,0xa0,0x04,0x1c,0x9f,0xf8,0x01,0x03,0x0a,0x20,0x08,0x00,0x01,0x00,0x00,0x00,0x00,0x00,0xd6,0x02,0x00,0x00,0x0f,0x00,0x00,0x00,0x00,0x00,0x00,0x00,0x00,0x00,
0x80,0xc0,0x04,0x44,0x9f,0xec,0x01,0x04,0x0b,0x20,0x10,0x00,0x09,0x00,0x0a,0x0a,0xe3,0x01,0xe4,0x01,0x00,0x00,0x08,0x00,0x00,0x00,0x00,0x00,0x00,0x00,0x00,0x00,
0xc0,0xe0,0x04,0x9c,0xa2,0x00,0x00,0x02,0x0b,0x1e,0x10,0x00,0x01,0x00,0x02,0x00,0x00,0x02,0x00,0x02,0x00,0x00,0x04,0x00,0x00,0x00,0x00,0x00,0x00,0x00,0x6b,0x9f,
---------------
0x80,0x80,0x04,0xf5,0x9e,0xec,0x01,0x04,0x0b,0x20,0x10,0x00,0x0a,0x00,0x0b,0x0b,0x6a,0x01,0x6a,0x01,0x00,0x00,0x09,0x00,0x00,0x00,0x00,0x00,0x00,0x00,0x00,0x00,
0x80,0xa0,0x04,0x1c,0x9f,0xf8,0x01,0x03,0x0a,0x20,0x08,0x00,0x02,0x00,0x00,0x00,0x00,0x00,0xd6,0x02,0x00,0x00,0x0f,0x00,0x00,0x00,0x00,0x00,0x00,0x00,0x00,0x00,
0x80,0xc0,0x04,0x44,0x9f,0xec,0x01,0x04,0x0b,0x20,0x10,0x00,0x0a,0x00,0x0b,0x0b,0xe3,0x01,0xe3,0x01,0x00,0x00,0x09,0x00,0x00,0x00,0x00,0x00,0x00,0x00,0x00,0x00,
0xc0,0xe0,0x04,0x9c,0xa2,0x00,0x00,0x02,0x0b,0x1e,0x10,0x00,0x02,0x00,0x03,0x00,0x00,0x02,0x00,0x02,0x00,0x00,0x05,0x00,0x00,0x00,0x00,0x00,0x00,0x00,0x6b,0x9f,
---------------
0x80,0x80,0x04,0xf5,0x9e,0xec,0x01,0x04,0x0b,0x20,0x10,0x00,0x0b,0x00,0x0c,0x0c,0x6a,0x01,0x6a,0x01,0x00,0x00,0x09,0x00,0x00,0x00,0x00,0x00,0x00,0x00,0x00,0x00,
0x80,0xa0,0x04,0x1c,0x9f,0xf8,0x01,0x03,0x0a,0x20,0x08,0x00,0x03,0x00,0x00,0x00,0x00,0x00,0xd6,0x02,0x00,0x00,0x0f,0x00,0x00,0x00,0x00,0x00,0x00,0x00,0x00,0x00,
0x80,0xc0,0x04,0x44,0x9f,0xec,0x01,0x04,0x0b,0x20,0x10,0x00,0x0b,0x00,0x0c,0x0c,0xe3,0x01,0xe3,0x01,0x00,0x00,0x09,0x00,0x00,0x00,0x00,0x00,0x00,0x00,0x00,0x00,
0xc0,0xe0,0x04,0x9c,0xa2,0x00,0x00,0x02,0x0b,0x1e,0x10,0x00,0x03,0x00,0x04,0x00,0x00,0x02,0x00,0x02,0x00,0x00,0x06,0x00,0x00,0x00,0x00,0x00,0x00,0x00,0x6b,0x9f,
---------------
0x80,0x80,0x04,0xf5,0x9e,0xec,0x01,0x04,0x0b,0x20,0x10,0x00,0x0c,0x00,0x0d,0x0d,0x6a,0x01,0x6b,0x01,0x00,0x00,0x08,0x00,0x00,0x00,0x00,0x00,0x00,0x00,0x00,0x00,
0x80,0xa0,0x04,0x1c,0x9f,0xf8,0x01,0x03,0x0a,0x20,0x08,0x00,0x04,0x00,0x00,0x00,0x00,0x00,0xd6,0x02,0x00,0x00,0x0f,0x00,0x00,0x00,0x00,0x00,0x00,0x00,0x00,0x00,
0x80,0xc0,0x04,0x44,0x9f,0xec,0x01,0x04,0x0b,0x20,0x10,0x00,0x0c,0x00,0x0d,0x0d,0xe3,0x01,0xe4,0x01,0x00,0x00,0x08,0x00,0x00,0x00,0x00,0x00,0x00,0x00,0x00,0x00,
0xc0,0xe0,0x04,0x9c,0xa2,0x00,0x00,0x02,0x0b,0x1e,0x10,0x00,0x04,0x00,0x05,0x00,0x00,0x02,0x00,0x02,0x00,0x00,0x06,0x00,0x00,0x00,0x00,0x00,0x00,0x00,0x6b,0x9f,
---------------
0x80,0x80,0x04,0xf5,0x9e,0xec,0x01,0x04,0x0b,0x20,0x10,0x00,0x0d,0x00,0x0e,0x0e,0x6a,0x01,0x6b,0x01,0x00,0x00,0x08,0x00,0x00,0x00,0x00,0x00,0x00,0x00,0x00,0x00,
0x80,0xa0,0x04,0x1c,0x9f,0xf8,0x01,0x03,0x0a,0x20,0x08,0x00,0x05,0x00,0x00,0x00,0x00,0x00,0xd6,0x02,0x00,0x00,0x0f,0x00,0x00,0x00,0x00,0x00,0x00,0x00,0x00,0x00,
0x80,0xc0,0x04,0x44,0x9f,0xec,0x01,0x04,0x0b,0x20,0x10,0x00,0x0d,0x00,0x0e,0x0e,0xe3,0x01,0xe4,0x01,0x00,0x00,0x08,0x00,0x00,0x00,0x00,0x00,0x00,0x00,0x00,0x00,
0xc0,0xe0,0x04,0x9c,0xa2,0x00,0x00,0x02,0x0b,0x1e,0x10,0x00,0x05,0x00,0x06,0x00,0x00,0x02,0x00,0x02,0x00,0x00,0x07,0x00,0x00,0x00,0x00,0x00,0x00,0x00,0x6b,0x9f,
---------------
0x80,0x80,0x04,0xf5,0x9e,0xec,0x01,0x04,0x0b,0x20,0x10,0x00,0x0e,0x00,0x0e,0x0f,0x6a,0x01,0x6c,0x01,0x00,0x00,0x0f,0x00,0x00,0x00,0x00,0x00,0x00,0x00,0x00,0x00,
0x80,0xa0,0x04,0x1c,0x9f,0xf8,0x01,0x03,0x0a,0x20,0x08,0x00,0x06,0x00,0x00,0x00,0x00,0x00,0xd6,0x02,0x00,0x00,0x0f,0x00,0x00,0x00,0x00,0x00,0x00,0x00,0x00,0x00,
0x80,0xc0,0x04,0x44,0x9f,0xec,0x01,0x04,0x0b,0x20,0x10,0x00,0x0e,0x00,0x0e,0x0f,0xe3,0x01,0xe5,0x01,0x00,0x00,0x0f,0x00,0x00,0x00,0x00,0x00,0x00,0x00,0x00,0x00,
0xc0,0xe0,0x04,0x9c,0xa2,0x00,0x00,0x02,0x0b,0x1e,0x10,0x00,0x06,0x00,0x07,0x00,0x00,0x02,0x00,0x02,0x00,0x00,0x07,0x00,0x00,0x00,0x00,0x00,0x00,0x00,0x6b,0x9f,
---------------
0x80,0x80,0x04,0xf5,0x9e,0xec,0x01,0x04,0x0b,0x20,0x10,0x00,0x0f,0x00,0x0e,0x10,0x6a,0x01,0x6c,0x01,0x00,0x00,0x0f,0x00,0x00,0x00,0x00,0x00,0x00,0x00,0x00,0x00,
0x80,0xa0,0x04,0x1c,0x9f,0xf8,0x01,0x03,0x0a,0x20,0x08,0x00,0x07,0x00,0x00,0x00,0x00,0x00,0xd6,0x02,0x00,0x00,0x0f,0x00,0x00,0x00,0x00,0x00,0x00,0x00,0x00,0x00,
0x80,0xc0,0x04,0x44,0x9f,0xec,0x01,0x04,0x0b,0x20,0x10,0x00,0x0f,0x00,0x0e,0x10,0xe3,0x01,0xe5,0x01,0x00,0x00,0x0f,0x00,0x00,0x00,0x00,0x00,0x00,0x00,0x00,0x00,
0xc0,0xe0,0x04,0x9c,0xa2,0x00,0x00,0x02,0x0b,0x1e,0x10,0x00,0x07,0x00,0x08,0x00,0x00,0x02,0x00,0x02,0x00,0x00,0x08,0x00,0x00,0x00,0x00,0x00,0x00,0x00,0x6b,0x9f,
---------------
0x80,0x80,0x04,0xf7,0x9e,0xec,0x01,0x04,0x0b,0x20,0x08,0x00,0x00,0x00,0x01,0x01,0x1f,0x01,0x20,0x01,0x00,0x00,0x08,0x00,0x00,0x00,0x00,0x00,0x00,0x00,0x00,0x00,
0x80,0xa0,0x04,0x1e,0x9f,0xf8,0x01,0x03,0x0a,0x20,0x10,0x00,0x00,0x00,0x01,0x01,0xd4,0x02,0xd5,0x02,0x00,0x00,0x07,0x00,0x00,0x00,0x00,0x00,0x00,0x00,0x00,0x00,
0x80,0xc0,0x04,0x46,0x9f,0xec,0x01,0x04,0x0b,0x20,0x08,0x00,0x00,0x00,0x01,0x01,0x6a,0x01,0x6b,0x01,0x00,0x00,0x08,0x00,0x00,0x00,0x00,0x00,0x00,0x00,0x00,0x00,
0xc0,0xe0,0x04,0x9c,0xa2,0x00,0x00,0x02,0x0b,0x1e,0x10,0x00,0x08,0x00,0x09,0x00,0x00,0x02,0x00,0x02,0x00,0x00,0x08,0x00,0x00,0x00,0x00,0x00,0x00,0x00,0x6b,0x9f,
---------------
0x80,0x80,0x04,0xf7,0x9e,0xec,0x01,0x04,0x0b,0x20,0x08,0x00,0x01,0x00,0x02,0x02,0x1f,0x01,0x20,0x01,0x00,0x00,0x04,0x00,0x00,0x00,0x00,0x00,0x00,0x00,0x00,0x00,
0x80,0xa0,0x04,0x1e,0x9f,0xf8,0x01,0x03,0x0a,0x20,0x10,0x00,0x01,0x00,0x02,0x02,0xd4,0x02,0xd5,0x02,0x00,0x00,0x05,0x00,0x00,0x00,0x00,0x00,0x00,0x00,0x00,0x00,
0x80,0xc0,0x04,0x46,0x9f,0xec,0x01,0x04,0x0b,0x20,0x08,0x00,0x01,0x00,0x02,0x02,0x6a,0x01,0x6b,0x01,0x00,0x00,0x04,0x00,0x00,0x00,0x00,0x00,0x00,0x00,0x00,0x00,
0xc0,0xe0,0x04,0x9c,0xa2,0x00,0x00,0x02,0x0b,0x1e,0x10,0x00,0x09,0x00,0x0a,0x00,0x00,0x02,0x00,0x02,0x00,0x00,0x09,0x00,0x00,0x00,0x00,0x00,0x00,0x00,0x6b,0x9f,
---------------
0x80,0x80,0x04,0xf7,0x9e,0xec,0x01,0x04,0x0b,0x20,0x08,0x00,0x02,0x00,0x03,0x03,0x1f,0x01,0x20,0x01,0x00,0x00,0x04,0x00,0x00,0x00,0x00,0x00,0x00,0x00,0x00,0x00,
0x80,0xa0,0x04,0x1e,0x9f,0xf8,0x01,0x03,0x0a,0x20,0x10,0x00,0x02,0x00,0x03,0x03,0xd4,0x02,0xd5,0x02,0x00,0x00,0x05,0x00,0x00,0x00,0x00,0x00,0x00,0x00,0x00,0x00,
0x80,0xc0,0x04,0x46,0x9f,0xec,0x01,0x04,0x0b,0x20,0x08,0x00,0x02,0x00,0x03,0x03,0x6a,0x01,0x6b,0x01,0x00,0x00,0x04,0x00,0x00,0x00,0x00,0x00,0x00,0x00,0x00,0x00,
0xc0,0xe0,0x04,0x9c,0xa2,0x00,0x00,0x02,0x0b,0x1e,0x10,0x00,0x0a,0x00,0x0b,0x00,0x00,0x02,0x00,0x02,0x00,0x00,0x09,0x00,0x00,0x00,0x00,0x00,0x00,0x00,0x6b,0x9f,
---------------
0x80,0x80,0x04,0xf7,0x9e,0xec,0x01,0x04,0x0b,0x20,0x08,0x00,0x03,0x00,0x04,0x04,0x1f,0x01,0x20,0x01,0x00,0x00,0x04,0x00,0x00,0x00,0x00,0x00,0x00,0x00,0x00,0x00,
0x80,0xa0,0x04,0x1e,0x9f,0xf8,0x01,0x03,0x0a,0x20,0x10,0x00,0x03,0x00,0x04,0x04,0xd4,0x02,0xd5,0x02,0x00,0x00,0x05,0x00,0x00,0x00,0x00,0x00,0x00,0x00,0x00,0x00,
0x80,0xc0,0x04,0x46,0x9f,0xec,0x01,0x04,0x0b,0x20,0x08,0x00,0x03,0x00,0x04,0x04,0x6a,0x01,0x6b,0x01,0x00,0x00,0x04,0x00,0x00,0x00,0x00,0x00,0x00,0x00,0x00,0x00,
0xc0,0xe0,0x04,0x9c,0xa2,0x00,0x00,0x02,0x0b,0x1e,0x10,0x00,0x0b,0x00,0x0c,0x00,0x00,0x02,0x00,0x02,0x00,0x00,0x0a,0x00,0x00,0x00,0x00,0x00,0x00,0x00,0x6b,0x9f,
---------------
0x80,0x80,0x04,0xf7,0x9e,0xec,0x01,0x04,0x0b,0x20,0x08,0x00,0x04,0x00,0x05,0x05,0x1f,0x01,0x20,0x01,0x00,0x00,0x04,0x00,0x00,0x00,0x00,0x00,0x00,0x00,0x00,0x00,
0x80,0xa0,0x04,0x1e,0x9f,0xf8,0x01,0x03,0x0a,0x20,0x10,0x00,0x04,0x00,0x05,0x05,0xd4,0x02,0xd5,0x02,0x00,0x00,0x05,0x00,0x00,0x00,0x00,0x00,0x00,0x00,0x00,0x00,
0x80,0xc0,0x04,0x46,0x9f,0xec,0x01,0x04,0x0b,0x20,0x08,0x00,0x04,0x00,0x05,0x05,0x6a,0x01,0x6b,0x01,0x00,0x00,0x04,0x00,0x00,0x00,0x00,0x00,0x00,0x00,0x00,0x00,
0xc0,0xe0,0x04,0x9c,0xa2,0x00,0x00,0x02,0x0b,0x1e,0x10,0x00,0x0c,0x00,0x0c,0x00,0x00,0x02,0x00,0x02,0x00,0x00,0x0f,0x00,0x00,0x00,0x00,0x00,0x00,0x00,0x6b,0x9f,
---------------
0x80,0x80,0x04,0xf7,0x9e,0xec,0x01,0x04,0x0b,0x20,0x08,0x00,0x05,0x00,0x06,0x06,0x1f,0x01,0x20,0x01,0x00,0x00,0x06,0x00,0x00,0x00,0x00,0x00,0x00,0x00,0x00,0x00,
0x80,0xa0,0x04,0x1e,0x9f,0xf8,0x01,0x03,0x0a,0x20,0x10,0x00,0x05,0x00,0x06,0x06,0xd4,0x02,0xd5,0x02,0x00,0x00,0x05,0x00,0x00,0x00,0x00,0x00,0x00,0x00,0x00,0x00,
0x80,0xc0,0x04,0x46,0x9f,0xec,0x01,0x04,0x0b,0x20,0x08,0x00,0x05,0x00,0x06,0x06,0x6a,0x01,0x6b,0x01,0x00,0x00,0x06,0x00,0x00,0x00,0x00,0x00,0x00,0x00,0x00,0x00,
0xc0,0xe0,0x04,0x9c,0xa2,0x00,0x00,0x02,0x0b,0x1e,0x10,0x00,0x0d,0x00,0x0c,0x00,0x00,0x02,0x00,0x02,0x00,0x00,0x0f,0x00,0x00,0x00,0x00,0x00,0x00,0x00,0x6b,0x9f,
---------------
0x80,0x80,0x04,0xf7,0x9e,0xec,0x01,0x04,0x0b,0x20,0x08,0x00,0x06,0x00,0x07,0x07,0x1f,0x01,0x20,0x01,0x00,0x00,0x07,0x00,0x00,0x00,0x00,0x00,0x00,0x00,0x00,0x00,
0x80,0xa0,0x04,0x1e,0x9f,0xf8,0x01,0x03,0x0a,0x20,0x10,0x00,0x06,0x00,0x07,0x07,0xd4,0x02,0xd5,0x02,0x00,0x00,0x05,0x00,0x00,0x00,0x00,0x00,0x00,0x00,0x00,0x00,
0x80,0xc0,0x04,0x46,0x9f,0xec,0x01,0x04,0x0b,0x20,0x08,0x00,0x06,0x00,0x07,0x07,0x6a,0x01,0x6b,0x01,0x00,0x00,0x07,0x00,0x00,0x00,0x00,0x00,0x00,0x00,0x00,0x00,
0xc0,0xe0,0x04,0x9c,0xa2,0x00,0x00,0x02,0x0b,0x1e,0x10,0x00,0x0e,0x00,0x0c,0x00,0x00,0x02,0x00,0x02,0x00,0x00,0x0f,0x00,0x00,0x00,0x00,0x00,0x00,0x00,0x6b,0x9f,
---------------
0x80,0x80,0x04,0xf7,0x9e,0xec,0x01,0x04,0x0b,0x20,0x08,0x00,0x07,0x00,0x08,0x08,0x1f,0x01,0x20,0x01,0x00,0x00,0x07,0x00,0x00,0x00,0x00,0x00,0x00,0x00,0x00,0x00,
0x80,0xa0,0x04,0x1e,0x9f,0xf8,0x01,0x03,0x0a,0x20,0x10,0x00,0x07,0x00,0x08,0x08,0xd4,0x02,0xd5,0x02,0x00,0x00,0x0d,0x00,0x00,0x00,0x00,0x00,0x00,0x00,0x00,0x00,
0x80,0xc0,0x04,0x46,0x9f,0xec,0x01,0x04,0x0b,0x20,0x08,0x00,0x07,0x00,0x08,0x08,0x6a,0x01,0x6b,0x01,0x00,0x00,0x07,0x00,0x00,0x00,0x00,0x00,0x00,0x00,0x00,0x00,
0xc0,0xe0,0x04,0x9c,0xa2,0x00,0x00,0x02,0x0b,0x1e,0x10,0x00,0x0f,0x00,0x0c,0x00,0x00,0x02,0x00,0x02,0x00,0x00,0x0f,0x00,0x00,0x00,0x00,0x00,0x00,0x00,0x6b,0x9f,
---------------
0x80,0x80,0x04,0xfb,0x9e,0xec,0x01,0x05,0x0b,0x20,0x18,0x00,0x00,0x00,0x01,0x01,0xf2,0x00,0xf3,0x00,0x00,0x00,0x08,0x00,0x00,0x00,0x00,0x00,0x00,0x00,0x00,0x00,
0x80,0xa0,0x04,0x1e,0x9f,0xf8,0x01,0x03,0x0a,0x20,0x10,0x00,0x08,0x00,0x08,0x09,0xd4,0x02,0xd5,0x02,0x00,0x00,0x0f,0x00,0x00,0x00,0x00,0x00,0x00,0x00,0x00,0x00,
0x80,0xc0,0x04,0x4a,0x9f,0xec,0x01,0x05,0x0b,0x20,0x18,0x00,0x00,0x00,0x01,0x01,0x1f,0x01,0x20,0x01,0x00,0x00,0x08,0x00,0x00,0x00,0x00,0x00,0x00,0x00,0x00,0x00,
0xc0,0xe0,0x04,0xa1,0xa2,0x00,0x00,0x01,0x09,0x1e,0x08,0x00,0x00,0x00,0x01,0x00,0x00,0x02,0x00,0x02,0x00,0x00,0x06,0x00,0x00,0x00,0x00,0x00,0x00,0x00,0x6b,0x9f,
---------------
0x80,0x80,0x04,0xfb,0x9e,0xec,0x01,0x05,0x0b,0x20,0x18,0x00,0x01,0x00,0x02,0x02,0xf2,0x00,0xf3,0x00,0x00,0x00,0x04,0x00,0x00,0x00,0x00,0x00,0x00,0x00,0x00,0x00,
0x80,0xa0,0x04,0x1e,0x9f,0xf8,0x01,0x03,0x0a,0x20,0x10,0x00,0x09,0x00,0x08,0x0a,0xd4,0x02,0xd5,0x02,0x00,0x00,0x0f,0x00,0x00,0x00,0x00,0x00,0x00,0x00,0x00,0x00,
0x80,0xc0,0x04,0x4a,0x9f,0xec,0x01,0x05,0x0b,0x20,0x18,0x00,0x01,0x00,0x02,0x02,0x1f,0x01,0x20,0x01,0x00,0x00,0x04,0x00,0x00,0x00,0x00,0x00,0x00,0x00,0x00,0x00,
0xc0,0xe0,0x04,0xa1,0xa2,0x00,0x00,0x01,0x09,0x1e,0x08,0x00,0x01,0x00,0x02,0x00,0x00,0x02,0x00,0x02,0x00,0x00,0x06,0x00,0x00,0x00,0x00,0x00,0x00,0x00,0x6b,0x9f,
---------------
0x80,0x80,0x04,0xfb,0x9e,0xec,0x01,0x05,0x0b,0x20,0x18,0x00,0x02,0x00,0x03,0x03,0xf2,0x00,0xf3,0x00,0x00,0x00,0x04,0x00,0x00,0x00,0x00,0x00,0x00,0x00,0x00,0x00,
0x80,0xa0,0x04,0x1e,0x9f,0xf8,0x01,0x03,0x0a,0x20,0x10,0x00,0x0a,0x00,0x08,0x0b,0xd4,0x02,0xd4,0x02,0x00,0x00,0x0f,0x00,0x00,0x00,0x00,0x00,0x00,0x00,0x00,0x00,
0x80,0xc0,0x04,0x4a,0x9f,0xec,0x01,0x05,0x0b,0x20,0x18,0x00,0x02,0x00,0x03,0x03,0x1f,0x01,0x20,0x01,0x00,0x00,0x04,0x00,0x00,0x00,0x00,0x00,0x00,0x00,0x00,0x00,
0xc0,0xe0,0x04,0xa1,0xa2,0x00,0x00,0x01,0x09,0x1e,0x08,0x00,0x02,0x00,0x02,0x00,0x00,0x02,0x00,0x02,0x00,0x00,0x0f,0x00,0x00,0x00,0x00,0x00,0x00,0x00,0x6b,0x9f,
---------------
0x80,0x80,0x04,0xfb,0x9e,0xec,0x01,0x05,0x0b,0x20,0x18,0x00,0x03,0x00,0x04,0x04,0xf2,0x00,0xf3,0x00,0x00,0x00,0x04,0x00,0x00,0x00,0x00,0x00,0x00,0x00,0x00,0x00,
0x80,0xa0,0x04,0x1e,0x9f,0xf8,0x01,0x03,0x0a,0x20,0x10,0x00,0x0b,0x00,0x08,0x0c,0xd4,0x02,0xd4,0x02,0x00,0x00,0x0f,0x00,0x00,0x00,0x00,0x00,0x00,0x00,0x00,0x00,
0x80,0xc0,0x04,0x4a,0x9f,0xec,0x01,0x05,0x0b,0x20,0x18,0x00,0x03,0x00,0x04,0x04,0x1f,0x01,0x20,0x01,0x00,0x00,0x04,0x00,0x00,0x00,0x00,0x00,0x00,0x00,0x00,0x00,
0xc0,0xe0,0x04,0xa1,0xa2,0x00,0x00,0x01,0x09,0x1e,0x08,0x00,0x03,0x00,0x02,0x00,0x00,0x02,0x00,0x02,0x00,0x00,0x0f,0x00,0x00,0x00,0x00,0x00,0x00,0x00,0x6b,0x9f,
---------------
0x80,0x80,0x04,0xfb,0x9e,0xec,0x01,0x05,0x0b,0x20,0x18,0x00,0x04,0x00,0x05,0x05,0xf2,0x00,0xf3,0x00,0x00,0x00,0x04,0x00,0x00,0x00,0x00,0x00,0x00,0x00,0x00,0x00,
0x80,0xa0,0x04,0x1e,0x9f,0xf8,0x01,0x03,0x0a,0x20,0x10,0x00,0x0c,0x00,0x08,0x0d,0xd4,0x02,0xd5,0x02,0x00,0x00,0x0f,0x00,0x00,0x00,0x00,0x00,0x00,0x00,0x00,0x00,
0x80,0xc0,0x04,0x4a,0x9f,0xec,0x01,0x05,0x0b,0x20,0x18,0x00,0x04,0x00,0x05,0x05,0x1f,0x01,0x20,0x01,0x00,0x00,0x04,0x00,0x00,0x00,0x00,0x00,0x00,0x00,0x00,0x00,
0xc0,0xe0,0x04,0xa1,0xa2,0x00,0x00,0x01,0x09,0x1e,0x08,0x00,0x04,0x00,0x02,0x00,0x00,0x02,0x00,0x02,0x00,0x00,0x0f,0x00,0x00,0x00,0x00,0x00,0x00,0x00,0x6b,0x9f,
---------------
0x80,0x80,0x04,0xfb,0x9e,0xec,0x01,0x05,0x0b,0x20,0x18,0x00,0x05,0x00,0x06,0x06,0xf2,0x00,0xf3,0x00,0x00,0x00,0x06,0x00,0x00,0x00,0x00,0x00,0x00,0x00,0x00,0x00,
0x80,0xa0,0x04,0x1e,0x9f,0xf8,0x01,0x03,0x0a,0x20,0x10,0x00,0x0d,0x00,0x08,0x0e,0xd4,0x02,0xd5,0x02,0x00,0x00,0x0f,0x00,0x00,0x00,0x00,0x00,0x00,0x00,0x00,0x00,
0x80,0xc0,0x04,0x4a,0x9f,0xec,0x01,0x05,0x0b,0x20,0x18,0x00,0x05,0x00,0x06,0x06,0x1f,0x01,0x20,0x01,0x00,0x00,0x06,0x00,0x00,0x00,0x00,0x00,0x00,0x00,0x00,0x00,
0xc0,0xe0,0x04,0xa1,0xa2,0x00,0x00,0x01,0x09,0x1e,0x08,0x00,0x05,0x00,0x02,0x00,0x00,0x02,0x00,0x02,0x00,0x00,0x0f,0x00,0x00,0x00,0x00,0x00,0x00,0x00,0x6b,0x9f,
---------------
0x80,0x80,0x04,0xfb,0x9e,0xec,0x01,0x05,0x0b,0x20,0x18,0x00,0x06,0x00,0x07,0x07,0xf2,0x00,0xf3,0x00,0x00,0x00,0x07,0x00,0x00,0x00,0x00,0x00,0x00,0x00,0x00,0x00,
0x80,0xa0,0x04,0x1e,0x9f,0xf8,0x01,0x03,0x0a,0x20,0x10,0x00,0x0e,0x00,0x08,0x0f,0xd4,0x02,0xd6,0x02,0x00,0x00,0x0f,0x00,0x00,0x00,0x00,0x00,0x00,0x00,0x00,0x00,
0x80,0xc0,0x04,0x4a,0x9f,0xec,0x01,0x05,0x0b,0x20,0x18,0x00,0x06,0x00,0x07,0x07,0x1f,0x01,0x20,0x01,0x00,0x00,0x07,0x00,0x00,0x00,0x00,0x00,0x00,0x00,0x00,0x00,
0xc0,0xe0,0x04,0xa1,0xa2,0x00,0x00,0x01,0x09,0x1e,0x08,0x00,0x06,0x00,0x02,0x00,0x00,0x02,0x00,0x02,0x00,0x00,0x0f,0x00,0x00,0x00,0x00,0x00,0x00,0x00,0x6b,0x9f,
---------------
0x80,0x80,0x04,0xfb,0x9e,0xec,0x01,0x05,0x0b,0x20,0x18,0x00,0x07,0x00,0x08,0x08,0xf2,0x00,0xf3,0x00,0x00,0x00,0x07,0x00,0x00,0x00,0x00,0x00,0x00,0x00,0x00,0x00,
0x80,0xa0,0x04,0x1e,0x9f,0xf8,0x01,0x03,0x0a,0x20,0x10,0x00,0x0f,0x00,0x08,0x10,0xd4,0x02,0xd6,0x02,0x00,0x00,0x0f,0x00,0x00,0x00,0x00,0x00,0x00,0x00,0x00,0x00,
0x80,0xc0,0x04,0x4a,0x9f,0xec,0x01,0x05,0x0b,0x20,0x18,0x00,0x07,0x00,0x08,0x08,0x1f,0x01,0x20,0x01,0x00,0x00,0x07,0x00,0x00,0x00,0x00,0x00,0x00,0x00,0x00,0x00,
0xc0,0xe0,0x04,0xa1,0xa2,0x00,0x00,0x01,0x09,0x1e,0x08,0x00,0x07,0x00,0x02,0x00,0x00,0x02,0x00,0x02,0x00,0x00,0x0f,0x00,0x00,0x00,0x00,0x00,0x00,0x00,0x6b,0x9f,
---------------
0x80,0x80,0x04,0xfb,0x9e,0xec,0x01,0x05,0x0b,0x20,0x18,0x00,0x08,0x00,0x09,0x09,0xf2,0x00,0xf3,0x00,0x00,0x00,0x08,0x00,0x00,0x00,0x00,0x00,0x00,0x00,0x00,0x00,
0x80,0xa0,0x04,0x20,0x9f,0xf8,0x01,0x03,0x0a,0x20,0x08,0x00,0x00,0x00,0x01,0x01,0xc7,0x03,0xc8,0x03,0x00,0x00,0x07,0x00,0x00,0x00,0x00,0x00,0x00,0x00,0x00,0x00,
0x80,0xc0,0x04,0x4a,0x9f,0xec,0x01,0x05,0x0b,0x20,0x18,0x00,0x08,0x00,0x09,0x09,0x1f,0x01,0x20,0x01,0x00,0x00,0x08,0x00,0x00,0x00,0x00,0x00,0x00,0x00,0x00,0x00,
0xc0,0xe0,0x04,0xa2,0xa2,0x00,0x00,0x01,0x09,0x1e,0x08,0x00,0x00,0x00,0x01,0x00,0x00,0x02,0x00,0x02,0x00,0x00,0x06,0x00,0x00,0x00,0x00,0x00,0x00,0x00,0x6b,0x9f,
---------------
0x80,0x80,0x04,0xfb,0x9e,0xec,0x01,0x05,0x0b,0x20,0x18,0x00,0x09,0x00,0x0a,0x0a,0xf2,0x00,0xf3,0x00,0x00,0x00,0x08,0x00,0x00,0x00,0x00,0x00,0x00,0x00,0x00,0x00,
0x80,0xa0,0x04,0x20,0x9f,0xf8,0x01,0x03,0x0a,0x20,0x08,0x00,0x01,0x00,0x02,0x02,0xc7,0x03,0xc8,0x03,0x00,0x00,0x05,0x00,0x00,0x00,0x00,0x00,0x00,0x00,0x00,0x00,
0x80,0xc0,0x04,0x4a,0x9f,0xec,0x01,0x05,0x0b,0x20,0x18,0x00,0x09,0x00,0x0a,0x0a,0x1f,0x01,0x20,0x01,0x00,0x00,0x08,0x00,0x00,0x00,0x00,0x00,0x00,0x00,0x00,0x00,
0xc0,0xe0,0x04,0xa2,0xa2,0x00,0x00,0x01,0x09,0x1e,0x08,0x00,0x01,0x00,0x02,0x00,0x00,0x02,0x00,0x02,0x00,0x00,0x06,0x00,0x00,0x00,0x00,0x00,0x00,0x00,0x6b,0x9f,
---------------
0x80,0x80,0x04,0xfb,0x9e,0xec,0x01,0x05,0x0b,0x20,0x18,0x00,0x0a,0x00,0x0b,0x0b,0xf2,0x00,0xf2,0x00,0x00,0x00,0x09,0x00,0x00,0x00,0x00,0x00,0x00,0x00,0x00,0x00,
0x80,0xa0,0x04,0x20,0x9f,0xf8,0x01,0x03,0x0a,0x20,0x08,0x00,0x02,0x00,0x03,0x03,0xc7,0x03,0xc8,0x03,0x00,0x00,0x05,0x00,0x00,0x00,0x00,0x00,0x00,0x00,0x00,0x00,
0x80,0xc0,0x04,0x4a,0x9f,0xec,0x01,0x05,0x0b,0x20,0x18,0x00,0x0a,0x00,0x0b,0x0b,0x1f,0x01,0x1f,0x01,0x00,0x00,0x09,0x00,0x00,0x00,0x00,0x00,0x00,0x00,0x00,0x00,
0xc0,0xe0,0x04,0xa2,0xa2,0x00,0x00,0x01,0x09,0x1e,0x08,0x00,0x02,0x00,0x02,0x00,0x00,0x02,0x00,0x02,0x00,0x00,0x0f,0x00,0x00,0x00,0x00,0x00,0x00,0x00,0x6b,0x9f,
---------------
0x80,0x80,0x04,0xfb,0x9e,0xec,0x01,0x05,0x0b,0x20,0x18,0x00,0x0b,0x00,0x0c,0x0c,0xf2,0x00,0xf2,0x00,0x00,0x00,0x09,0x00,0x00,0x00,0x00,0x00,0x00,0x00,0x00,0x00,
0x80,0xa0,0x04,0x20,0x9f,0xf8,0x01,0x03,0x0a,0x20,0x08,0x00,0x03,0x00,0x04,0x04,0xc7,0x03,0xc8,0x03,0x00,0x00,0x05,0x00,0x00,0x00,0x00,0x00,0x00,0x00,0x00,0x00,
0x80,0xc0,0x04,0x4a,0x9f,0xec,0x01,0x05,0x0b,0x20,0x18,0x00,0x0b,0x00,0x0c,0x0c,0x1f,0x01,0x1f,0x01,0x00,0x00,0x09,0x00,0x00,0x00,0x00,0x00,0x00,0x00,0x00,0x00,
0xc0,0xe0,0x04,0xa2,0xa2,0x00,0x00,0x01,0x09,0x1e,0x08,0x00,0x03,0x00,0x02,0x00,0x00,0x02,0x00,0x02,0x00,0x00,0x0f,0x00,0x00,0x00,0x00,0x00,0x00,0x00,0x6b,0x9f,
---------------
0x80,0x80,0x04,0xfb,0x9e,0xec,0x01,0x05,0x0b,0x20,0x18,0x00,0x0c,0x00,0x0d,0x0d,0xf2,0x00,0xf3,0x00,0x00,0x00,0x08,0x00,0x00,0x00,0x00,0x00,0x00,0x00,0x00,0x00,
0x80,0xa0,0x04,0x20,0x9f,0xf8,0x01,0x03,0x0a,0x20,0x08,0x00,0x04,0x00,0x05,0x05,0xc7,0x03,0xc8,0x03,0x00,0x00,0x05,0x00,0x00,0x00,0x00,0x00,0x00,0x00,0x00,0x00,
0x80,0xc0,0x04,0x4a,0x9f,0xec,0x01,0x05,0x0b,0x20,0x18,0x00,0x0c,0x00,0x0d,0x0d,0x1f,0x01,0x20,0x01,0x00,0x00,0x08,0x00,0x00,0x00,0x00,0x00,0x00,0x00,0x00,0x00,
0xc0,0xe0,0x04,0xa2,0xa2,0x00,0x00,0x01,0x09,0x1e,0x08,0x00,0x04,0x00,0x02,0x00,0x00,0x02,0x00,0x02,0x00,0x00,0x0f,0x00,0x00,0x00,0x00,0x00,0x00,0x00,0x6b,0x9f,
---------------
0x80,0x80,0x04,0xfb,0x9e,0xec,0x01,0x05,0x0b,0x20,0x18,0x00,0x0d,0x00,0x0e,0x0e,0xf2,0x00,0xf3,0x00,0x00,0x00,0x08,0x00,0x00,0x00,0x00,0x00,0x00,0x00,0x00,0x00,
0x80,0xa0,0x04,0x20,0x9f,0xf8,0x01,0x03,0x0a,0x20,0x08,0x00,0x05,0x00,0x06,0x06,0xc7,0x03,0xc8,0x03,0x00,0x00,0x05,0x00,0x00,0x00,0x00,0x00,0x00,0x00,0x00,0x00,
0x80,0xc0,0x04,0x4a,0x9f,0xec,0x01,0x05,0x0b,0x20,0x18,0x00,0x0d,0x00,0x0e,0x0e,0x1f,0x01,0x20,0x01,0x00,0x00,0x08,0x00,0x00,0x00,0x00,0x00,0x00,0x00,0x00,0x00,
0xc0,0xe0,0x04,0xa2,0xa2,0x00,0x00,0x01,0x09,0x1e,0x08,0x00,0x05,0x00,0x02,0x00,0x00,0x02,0x00,0x02,0x00,0x00,0x0f,0x00,0x00,0x00,0x00,0x00,0x00,0x00,0x6b,0x9f,
---------------
0x80,0x80,0x04,0xfb,0x9e,0xec,0x01,0x05,0x0b,0x20,0x18,0x00,0x0e,0x00,0x06,0x0f,0xf2,0x00,0xf4,0x00,0x00,0x00,0x06,0x00,0x00,0x00,0x00,0x00,0x00,0x00,0x00,0x00,
0x80,0xa0,0x04,0x20,0x9f,0xf8,0x01,0x03,0x0a,0x20,0x08,0x00,0x06,0x00,0x07,0x07,0xc7,0x03,0xc8,0x03,0x00,0x00,0x05,0x00,0x00,0x00,0x00,0x00,0x00,0x00,0x00,0x00,
0x80,0xc0,0x04,0x4a,0x9f,0xec,0x01,0x05,0x0b,0x20,0x18,0x00,0x0e,0x00,0x06,0x0f,0x1f,0x01,0x21,0x01,0x00,0x00,0x06,0x00,0x00,0x00,0x00,0x00,0x00,0x00,0x00,0x00,
0xc0,0xe0,0x04,0xa2,0xa2,0x00,0x00,0x01,0x09,0x1e,0x08,0x00,0x06,0x00,0x02,0x00,0x00,0x02,0x00,0x02,0x00,0x00,0x0f,0x00,0x00,0x00,0x00,0x00,0x00,0x00,0x6b,0x9f,
---------------
0x80,0x80,0x04,0xfb,0x9e,0xec,0x01,0x05,0x0b,0x20,0x18,0x00,0x0f,0x00,0x07,0x10,0xf2,0x00,0xf4,0x00,0x00,0x00,0x07,0x00,0x00,0x00,0x00,0x00,0x00,0x00,0x00,0x00,
0x80,0xa0,0x04,0x20,0x9f,0xf8,0x01,0x03,0x0a,0x20,0x08,0x00,0x07,0x00,0x08,0x08,0xc7,0x03,0xc8,0x03,0x00,0x00,0x0d,0x00,0x00,0x00,0x00,0x00,0x00,0x00,0x00,0x00,
0x80,0xc0,0x04,0x4a,0x9f,0xec,0x01,0x05,0x0b,0x20,0x18,0x00,0x0f,0x00,0x07,0x10,0x1f,0x01,0x21,0x01,0x00,0x00,0x07,0x00,0x00,0x00,0x00,0x00,0x00,0x00,0x00,0x00,
0xc0,0xe0,0x04,0xa2,0xa2,0x00,0x00,0x01,0x09,0x1e,0x08,0x00,0x07,0x00,0x02,0x00,0x00,0x02,0x00,0x02,0x00,0x00,0x0f,0x00,0x00,0x00,0x00,0x00,0x00,0x00,0x6b,0x9f,
---------------
0x80,0x80,0x04,0xfb,0x9e,0xec,0x01,0x05,0x0b,0x20,0x18,0x00,0x10,0x00,0x08,0x11,0xf2,0x00,0xf3,0x00,0x00,0x00,0x07,0x00,0x00,0x00,0x00,0x00,0x00,0x00,0x00,0x00,
0x80,0xa0,0x04,0x21,0x9f,0xf8,0x01,0x03,0x0a,0x20,0x08,0x00,0x00,0x00,0x01,0x01,0xd4,0x02,0xd5,0x02,0x00,0x00,0x07,0x00,0x00,0x00,0x00,0x00,0x00,0x00,0x00,0x00,
0x80,0xc0,0x04,0x4a,0x9f,0xec,0x01,0x05,0x0b,0x20,0x18,0x00,0x10,0x00,0x08,0x11,0x1f,0x01,0x20,0x01,0x00,0x00,0x07,0x00,0x00,0x00,0x00,0x00,0x00,0x00,0x00,0x00,
0xc0,0xe0,0x04,0xa7,0xa2,0x00,0x00,0x02,0x0b,0x1e,0x10,0x00,0x00,0x00,0x01,0x00,0x00,0x02,0x00,0x02,0x00,0x00,0x04,0x00,0x00,0x00,0x00,0x00,0x00,0x00,0x6b,0x9f,
---------------
0x80,0x80,0x04,0xfb,0x9e,0xec,0x01,0x05,0x0b,0x20,0x18,0x00,0x11,0x00,0x09,0x12,0xf2,0x00,0xf2,0x00,0x00,0x00,0x08,0x00,0x00,0x00,0x00,0x00,0x00,0x00,0x00,0x00,
0x80,0xa0,0x04,0x21,0x9f,0xf8,0x01,0x03,0x0a,0x20,0x08,0x00,0x01,0x00,0x02,0x02,0xd4,0x02,0xd5,0x02,0x00,0x00,0x05,0x00,0x00,0x00,0x00,0x00,0x00,0x00,0x00,0x00,
0x80,0xc0,0x04,0x4a,0x9f,0xec,0x01,0x05,0x0b,0x20,0x18,0x00,0x11,0x00,0x09,0x12,0x1f,0x01,0x1f,0x01,0x00,0x00,0x08,0x00,0x00,0x00,0x00,0x00,0x00,0x00,0x00,0x00,
0xc0,0xe0,0x04,0xa7,0xa2,0x00,0x00,0x02,0x0b,0x1e,0x10,0x00,0x01,0x00,0x02,0x00,0x00,0x02,0x00,0x02,0x00,0x00,0x04,0x00,0x00,0x00,0x00,0x00,0x00,0x00,0x6b,0x9f,
---------------
0x80,0x80,0x04,0xfb,0x9e,0xec,0x01,0x05,0x0b,0x20,0x18,0x00,0x12,0x00,0x0a,0x13,0xf2,0x00,0xf2,0x00,0x00,0x00,0x08,0x00,0x00,0x00,0x00,0x00,0x00,0x00,0x00,0x00,
0x80,0xa0,0x04,0x21,0x9f,0xf8,0x01,0x03,0x0a,0x20,0x08,0x00,0x02,0x00,0x03,0x03,0xd4,0x02,0xd5,0x02,0x00,0x00,0x05,0x00,0x00,0x00,0x00,0x00,0x00,0x00,0x00,0x00,
0x80,0xc0,0x04,0x4a,0x9f,0xec,0x01,0x05,0x0b,0x20,0x18,0x00,0x12,0x00,0x0a,0x13,0x1f,0x01,0x1f,0x01,0x00,0x00,0x08,0x00,0x00,0x00,0x00,0x00,0x00,0x00,0x00,0x00,
0xc0,0xe0,0x04,0xa7,0xa2,0x00,0x00,0x02,0x0b,0x1e,0x10,0x00,0x02,0x00,0x03,0x00,0x00,0x02,0x00,0x02,0x00,0x00,0x05,0x00,0x00,0x00,0x00,0x00,0x00,0x00,0x6b,0x9f,
---------------
0x80,0x80,0x04,0xfb,0x9e,0xec,0x01,0x05,0x0b,0x20,0x18,0x00,0x13,0x00,0x0b,0x14,0xf2,0x00,0xf3,0x00,0x00,0x00,0x09,0x00,0x00,0x00,0x00,0x00,0x00,0x00,0x00,0x00,
0x80,0xa0,0x04,0x21,0x9f,0xf8,0x01,0x03,0x0a,0x20,0x08,0x00,0x03,0x00,0x04,0x04,0xd4,0x02,0xd5,0x02,0x00,0x00,0x05,0x00,0x00,0x00,0x00,0x00,0x00,0x00,0x00,0x00,
0x80,0xc0,0x04,0x4a,0x9f,0xec,0x01,0x05,0x0b,0x20,0x18,0x00,0x13,0x00,0x0b,0x14,0x1f,0x01,0x20,0x01,0x00,0x00,0x09,0x00,0x00,0x00,0x00,0x00,0x00,0x00,0x00,0x00,
0xc0,0xe0,0x04,0xa7,0xa2,0x00,0x00,0x02,0x0b,0x1e,0x10,0x00,0x03,0x00,0x04,0x00,0x00,0x02,0x00,0x02,0x00,0x00,0x06,0x00,0x00,0x00,0x00,0x00,0x00,0x00,0x6b,0x9f,
---------------
0x80,0x80,0x04,0xfb,0x9e,0xec,0x01,0x05,0x0b,0x20,0x18,0x00,0x14,0x00,0x0c,0x15,0xf2,0x00,0xf4,0x00,0x00,0x00,0x09,0x00,0x00,0x00,0x00,0x00,0x00,0x00,0x00,0x00,
0x80,0xa0,0x04,0x21,0x9f,0xf8,0x01,0x03,0x0a,0x20,0x08,0x00,0x04,0x00,0x05,0x05,0xd4,0x02,0xd5,0x02,0x00,0x00,0x05,0x00,0x00,0x00,0x00,0x00,0x00,0x00,0x00,0x00,
0x80,0xc0,0x04,0x4a,0x9f,0xec,0x01,0x05,0x0b,0x20,0x18,0x00,0x14,0x00,0x0c,0x15,0x1f,0x01,0x21,0x01,0x00,0x00,0x09,0x00,0x00,0x00,0x00,0x00,0x00,0x00,0x00,0x00,
0xc0,0xe0,0x04,0xa7,0xa2,0x00,0x00,0x02,0x0b,0x1e,0x10,0x00,0x04,0x00,0x05,0x00,0x00,0x02,0x00,0x02,0x00,0x00,0x06,0x00,0x00,0x00,0x00,0x00,0x00,0x00,0x6b,0x9f,
---------------
0x80,0x80,0x04,0xfb,0x9e,0xec,0x01,0x05,0x0b,0x20,0x18,0x00,0x15,0x00,0x0d,0x16,0xf2,0x00,0xf4,0x00,0x00,0x00,0x08,0x00,0x00,0x00,0x00,0x00,0x00,0x00,0x00,0x00,
0x80,0xa0,0x04,0x21,0x9f,0xf8,0x01,0x03,0x0a,0x20,0x08,0x00,0x05,0x00,0x06,0x06,0xd4,0x02,0xd5,0x02,0x00,0x00,0x05,0x00,0x00,0x00,0x00,0x00,0x00,0x00,0x00,0x00,
0x80,0xc0,0x04,0x4a,0x9f,0xec,0x01,0x05,0x0b,0x20,0x18,0x00,0x15,0x00,0x0d,0x16,0x1f,0x01,0x21,0x01,0x00,0x00,0x08,0x00,0x00,0x00,0x00,0x00,0x00,0x00,0x00,0x00,
0xc0,0xe0,0x04,0xa7,0xa2,0x00,0x00,0x02,0x0b,0x1e,0x10,0x00,0x05,0x00,0x06,0x00,0x00,0x02,0x00,0x02,0x00,0x00,0x07,0x00,0x00,0x00,0x00,0x00,0x00,0x00,0x6b,0x9f,
---------------
0x80,0x80,0x04,0xfb,0x9e,0xec,0x01,0x05,0x0b,0x20,0x18,0x00,0x16,0x00,0x0e,0x17,0xf2,0x00,0xf3,0x00,0x00,0x00,0x08,0x00,0x00,0x00,0x00,0x00,0x00,0x00,0x00,0x00,
0x80,0xa0,0x04,0x21,0x9f,0xf8,0x01,0x03,0x0a,0x20,0x08,0x00,0x06,0x00,0x07,0x07,0xd4,0x02,0xd5,0x02,0x00,0x00,0x05,0x00,0x00,0x00,0x00,0x00,0x00,0x00,0x00,0x00,
0x80,0xc0,0x04,0x4a,0x9f,0xec,0x01,0x05,0x0b,0x20,0x18,0x00,0x16,0x00,0x0e,0x17,0x1f,0x01,0x20,0x01,0x00,0x00,0x08,0x00,0x00,0x00,0x00,0x00,0x00,0x00,0x00,0x00,
0xc0,0xe0,0x04,0xa7,0xa2,0x00,0x00,0x02,0x0b,0x1e,0x10,0x00,0x06,0x00,0x07,0x00,0x00,0x02,0x00,0x02,0x00,0x00,0x07,0x00,0x00,0x00,0x00,0x00,0x00,0x00,0x6b,0x9f,
---------------
0x80,0x80,0x04,0xfb,0x9e,0xec,0x01,0x05,0x0b,0x20,0x18,0x00,0x17,0x00,0x06,0x18,0xf2,0x00,0xf2,0x00,0x00,0x00,0x06,0x00,0x00,0x00,0x00,0x00,0x00,0x00,0x00,0x00,
0x80,0xa0,0x04,0x21,0x9f,0xf8,0x01,0x03,0x0a,0x20,0x08,0x00,0x07,0x00,0x08,0x08,0xd4,0x02,0xd5,0x02,0x00,0x00,0x0d,0x00,0x00,0x00,0x00,0x00,0x00,0x00,0x00,0x00,
0x80,0xc0,0x04,0x4a,0x9f,0xec,0x01,0x05,0x0b,0x20,0x18,0x00,0x17,0x00,0x06,0x18,0x1f,0x01,0x1f,0x01,0x00,0x00,0x06,0x00,0x00,0x00,0x00,0x00,0x00,0x00,0x00,0x00,
0xc0,0xe0,0x04,0xa7,0xa2,0x00,0x00,0x02,0x0b,0x1e,0x10,0x00,0x07,0x00,0x08,0x00,0x00,0x02,0x00,0x02,0x00,0x00,0x08,0x00,0x00,0x00,0x00,0x00,0x00,0x00,0x6b,0x9f,
---------------
0x80,0x80,0x04,0xfd,0x9e,0xec,0x01,0x05,0x0b,0x20,0x08,0x00,0x00,0x00,0x00,0x00,0x00,0x00,0xf2,0x00,0x00,0x00,0x0f,0x00,0x00,0x00,0x00,0x00,0x00,0x00,0x00,0x00,
0x80,0xa0,0x04,0x22,0x9f,0xf8,0x01,0x03,0x0a,0x20,0x08,0x00,0x00,0x00,0x01,0x01,0xc7,0x03,0xc8,0x03,0x00,0x00,0x07,0x00,0x00,0x00,0x00,0x00,0x00,0x00,0x00,0x00,
0x80,0xc0,0x04,0x4c,0x9f,0xec,0x01,0x05,0x0b,0x20,0x08,0x00,0x00,0x00,0x00,0x00,0x00,0x00,0x1f,0x01,0x00,0x00,0x0f,0x00,0x00,0x00,0x00,0x00,0x00,0x00,0x00,0x00,
0xc0,0xe0,0x04,0xa7,0xa2,0x00,0x00,0x02,0x0b,0x1e,0x10,0x00,0x08,0x00,0x09,0x00,0x00,0x02,0x00,0x02,0x00,0x00,0x08,0x00,0x00,0x00,0x00,0x00,0x00,0x00,0x6b,0x9f,
---------------
0x80,0x80,0x04,0xfd,0x9e,0xec,0x01,0x05,0x0b,0x20,0x08,0x00,0x01,0x00,0x00,0x00,0x00,0x00,0xf2,0x00,0x00,0x00,0x0f,0x00,0x00,0x00,0x00,0x00,0x00,0x00,0x00,0x00,
0x80,0xa0,0x04,0x22,0x9f,0xf8,0x01,0x03,0x0a,0x20,0x08,0x00,0x01,0x00,0x02,0x02,0xc7,0x03,0xc8,0x03,0x00,0x00,0x05,0x00,0x00,0x00,0x00,0x00,0x00,0x00,0x00,0x00,
0x80,0xc0,0x04,0x4c,0x9f,0xec,0x01,0x05,0x0b,0x20,0x08,0x00,0x01,0x00,0x00,0x00,0x00,0x00,0x1f,0x01,0x00,0x00,0x0f,0x00,0x00,0x00,0x00,0x00,0x00,0x00,0x00,0x00,
0xc0,0xe0,0x04,0xa7,0xa2,0x00,0x00,0x02,0x0b,0x1e,0x10,0x00,0x09,0x00,0x0a,0x00,0x00,0x02,0x00,0x02,0x00,0x00,0x09,0x00,0x00,0x00,0x00,0x00,0x00,0x00,0x6b,0x9f,
---------------
0x80,0x80,0x04,0xfd,0x9e,0xec,0x01,0x05,0x0b,0x20,0x08,0x00,0x02,0x00,0x00,0x00,0x00,0x00,0xf2,0x00,0x00,0x00,0x0f,0x00,0x00,0x00,0x00,0x00,0x00,0x00,0x00,0x00,
0x80,0xa0,0x04,0x22,0x9f,0xf8,0x01,0x03,0x0a,0x20,0x08,0x00,0x02,0x00,0x03,0x03,0xc7,0x03,0xc8,0x03,0x00,0x00,0x05,0x00,0x00,0x00,0x00,0x00,0x00,0x00,0x00,0x00,
0x80,0xc0,0x04,0x4c,0x9f,0xec,0x01,0x05,0x0b,0x20,0x08,0x00,0x02,0x00,0x00,0x00,0x00,0x00,0x1f,0x01,0x00,0x00,0x0f,0x00,0x00,0x00,0x00,0x00,0x00,0x00,0x00,0x00,
0xc0,0xe0,0x04,0xa7,0xa2,0x00,0x00,0x02,0x0b,0x1e,0x10,0x00,0x0a,0x00,0x0b,0x00,0x00,0x02,0x00,0x02,0x00,0x00,0x09,0x00,0x00,0x00,0x00,0x00,0x00,0x00,0x6b,0x9f,
---------------
0x80,0x80,0x04,0xfd,0x9e,0xec,0x01,0x05,0x0b,0x20,0x08,0x00,0x03,0x00,0x00,0x00,0x00,0x00,0xf2,0x00,0x00,0x00,0x0f,0x00,0x00,0x00,0x00,0x00,0x00,0x00,0x00,0x00,
0x80,0xa0,0x04,0x22,0x9f,0xf8,0x01,0x03,0x0a,0x20,0x08,0x00,0x03,0x00,0x04,0x04,0xc7,0x03,0xc8,0x03,0x00,0x00,0x05,0x00,0x00,0x00,0x00,0x00,0x00,0x00,0x00,0x00,
0x80,0xc0,0x04,0x4c,0x9f,0xec,0x01,0x05,0x0b,0x20,0x08,0x00,0x03,0x00,0x00,0x00,0x00,0x00,0x1f,0x01,0x00,0x00,0x0f,0x00,0x00,0x00,0x00,0x00,0x00,0x00,0x00,0x00,
0xc0,0xe0,0x04,0xa7,0xa2,0x00,0x00,0x02,0x0b,0x1e,0x10,0x00,0x0b,0x00,0x0c,0x00,0x00,0x02,0x00,0x02,0x00,0x00,0x0a,0x00,0x00,0x00,0x00,0x00,0x00,0x00,0x6b,0x9f,
---------------
0x80,0x80,0x04,0xfd,0x9e,0xec,0x01,0x05,0x0b,0x20,0x08,0x00,0x04,0x00,0x00,0x00,0x00,0x00,0xf2,0x00,0x00,0x00,0x0f,0x00,0x00,0x00,0x00,0x00,0x00,0x00,0x00,0x00,
0x80,0xa0,0x04,0x22,0x9f,0xf8,0x01,0x03,0x0a,0x20,0x08,0x00,0x04,0x00,0x05,0x05,0xc7,0x03,0xc8,0x03,0x00,0x00,0x05,0x00,0x00,0x00,0x00,0x00,0x00,0x00,0x00,0x00,
0x80,0xc0,0x04,0x4c,0x9f,0xec,0x01,0x05,0x0b,0x20,0x08,0x00,0x04,0x00,0x00,0x00,0x00,0x00,0x1f,0x01,0x00,0x00,0x0f,0x00,0x00,0x00,0x00,0x00,0x00,0x00,0x00,0x00,
0xc0,0xe0,0x04,0xa7,0xa2,0x00,0x00,0x02,0x0b,0x1e,0x10,0x00,0x0c,0x00,0x0c,0x00,0x00,0x02,0x00,0x02,0x00,0x00,0x0f,0x00,0x00,0x00,0x00,0x00,0x00,0x00,0x6b,0x9f,
---------------
0x80,0x80,0x04,0xfd,0x9e,0xec,0x01,0x05,0x0b,0x20,0x08,0x00,0x05,0x00,0x00,0x00,0x00,0x00,0xf2,0x00,0x00,0x00,0x0f,0x00,0x00,0x00,0x00,0x00,0x00,0x00,0x00,0x00,
0x80,0xa0,0x04,0x22,0x9f,0xf8,0x01,0x03,0x0a,0x20,0x08,0x00,0x05,0x00,0x06,0x06,0xc7,0x03,0xc8,0x03,0x00,0x00,0x05,0x00,0x00,0x00,0x00,0x00,0x00,0x00,0x00,0x00,
0x80,0xc0,0x04,0x4c,0x9f,0xec,0x01,0x05,0x0b,0x20,0x08,0x00,0x05,0x00,0x00,0x00,0x00,0x00,0x1f,0x01,0x00,0x00,0x0f,0x00,0x00,0x00,0x00,0x00,0x00,0x00,0x00,0x00,
0xc0,0xe0,0x04,0xa7,0xa2,0x00,0x00,0x02,0x0b,0x1e,0x10,0x00,0x0d,0x00,0x0c,0x00,0x00,0x02,0x00,0x02,0x00,0x00,0x0f,0x00,0x00,0x00,0x00,0x00,0x00,0x00,0x6b,0x9f,
---------------
0x80,0x80,0x04,0xfd,0x9e,0xec,0x01,0x05,0x0b,0x20,0x08,0x00,0x06,0x00,0x00,0x00,0x00,0x00,0xf2,0x00,0x00,0x00,0x0f,0x00,0x00,0x00,0x00,0x00,0x00,0x00,0x00,0x00,
0x80,0xa0,0x04,0x22,0x9f,0xf8,0x01,0x03,0x0a,0x20,0x08,0x00,0x06,0x00,0x07,0x07,0xc7,0x03,0xc8,0x03,0x00,0x00,0x05,0x00,0x00,0x00,0x00,0x00,0x00,0x00,0x00,0x00,
0x80,0xc0,0x04,0x4c,0x9f,0xec,0x01,0x05,0x0b,0x20,0x08,0x00,0x06,0x00,0x00,0x00,0x00,0x00,0x1f,0x01,0x00,0x00,0x0f,0x00,0x00,0x00,0x00,0x00,0x00,0x00,0x00,0x00,
0xc0,0xe0,0x04,0xa7,0xa2,0x00,0x00,0x02,0x0b,0x1e,0x10,0x00,0x0e,0x00,0x0c,0x00,0x00,0x02,0x00,0x02,0x00,0x00,0x0f,0x00,0x00,0x00,0x00,0x00,0x00,0x00,0x6b,0x9f,
---------------
0x80,0x80,0x04,0xfd,0x9e,0xec,0x01,0x05,0x0b,0x20,0x08,0x00,0x07,0x00,0x00,0x00,0x00,0x00,0xf2,0x00,0x00,0x00,0x0f,0x00,0x00,0x00,0x00,0x00,0x00,0x00,0x00,0x00,
0x80,0xa0,0x04,0x22,0x9f,0xf8,0x01,0x03,0x0a,0x20,0x08,0x00,0x07,0x00,0x08,0x08,0xc7,0x03,0xc8,0x03,0x00,0x00,0x0d,0x00,0x00,0x00,0x00,0x00,0x00,0x00,0x00,0x00,
0x80,0xc0,0x04,0x4c,0x9f,0xec,0x01,0x05,0x0b,0x20,0x08,0x00,0x07,0x00,0x00,0x00,0x00,0x00,0x1f,0x01,0x00,0x00,0x0f,0x00,0x00,0x00,0x00,0x00,0x00,0x00,0x00,0x00,
0xc0,0xe0,0x04,0xa7,0xa2,0x00,0x00,0x02,0x0b,0x1e,0x10,0x00,0x0f,0x00,0x0c,0x00,0x00,0x02,0x00,0x02,0x00,0x00,0x0f,0x00,0x00,0x00,0x00,0x00,0x00,0x00,0x6b,0x9f,
---------------
0x80,0x80,0x04,0x01,0x9f,0xec,0x01,0x04,0x0b,0x20,0x08,0x00,0x00,0x00,0x01,0x01,0x43,0x01,0x44,0x01,0x00,0x00,0x08,0x00,0x00,0x00,0x00,0x00,0x00,0x00,0x00,0x00,
0x80,0xa0,0x04,0x24,0x9f,0xf8,0x01,0x03,0x0a,0x20,0x10,0x00,0x00,0x00,0x01,0x01,0x85,0x02,0x86,0x02,0x00,0x00,0x07,0x00,0x00,0x00,0x00,0x00,0x00,0x00,0x00,0x00,
0x80,0xc0,0x04,0x50,0x9f,0xec,0x01,0x04,0x0b,0x20,0x08,0x00,0x00,0x00,0x01,0x01,0xaf,0x01,0xb0,0x01,0x00,0x00,0x08,0x00,0x00,0x00,0x00,0x00,0x00,0x00,0x00,0x00,
0xc0,0xe0,0x04,0x97,0xa2,0x00,0x00,0x01,0x09,0x1e,0x10,0x00,0x00,0x00,0x01,0x00,0x00,0x02,0x00,0x02,0x00,0x00,0x06,0x00,0x00,0x00,0x00,0x00,0x00,0x00,0x6e,0x9f,
---------------
